Create database LinesDB

-- Para ativar o banco de dados 
Use LinesDB

SELECT * FROM Linhas
SELECT * FROM Estacoes
SELECT * FROM Coordenadas

-- Criação da tabela linhas
CREATE TABLE Linhas (
    ID INT PRIMARY KEY,
    Nome VARCHAR(50),
);

-- Criação da tabela Estacoes
Create Table Estacoes(
	ID INT PRIMARY KEY,
    Nome VARCHAR(50),
	LinhasID INT FOREIGN KEY REFERENCES Linhas(ID), 
);

-- Criação da tabela Coordenadas
Create Table Coordenadas(
	ID INT PRIMARY KEY,
	EstacaoID INT FOREIGN KEY REFERENCES Estacoes(ID), 
	Latitude FLOAT, -- ou DECIMAL/NUMERICO USA-SE "FLOAT" --
	Longitude FLOAT, 
);

INSERT INTO Linhas (ID, Nome) VALUES
(1, 'Linha 1 - Azul'),
(2, 'Linha 2 - Verde'),
(3, 'Linha 3 - Vermelha'),
(4, 'Linha 4 - Amarela'),
(5, 'Linha 5 - Lilás'),
(7, 'Linha 7 - Rubi'),
(8, 'Linha 8 - Diamante'),
(9, 'Linha 9 - Esmeralda'),
(10, 'Linha 10 - Turquesa'),
(11, 'Linha 11 - Coral'),
(12, 'Linha 12 - Safira'),
(13, 'Linha 13 - Jade'),
(15, 'Linha 15 - Prata');

INSERT INTO Estacoes (ID, Nome, LinhasID) VALUES
(1, 'Tucuruvi', 1),
(2, 'Parada Inglesa', 1),
(3, 'Ayrton Sena', 1),
(4, 'Santana', 1),
(5, 'Carandiru', 1),
(6, 'P.Tietê', 1),
(7, 'Armênia', 1),
(8, 'Tiradentes', 1),
(9, 'Luz', 1),
(10, 'São Bento', 1),
(11, 'Sé', 1),
(12, 'Liberdade', 1),
(13, 'São Joaquim', 1),
(14, 'Vergueiro', 1),
(15, 'Paraíso', 1),
(16, 'Ana Rosa', 1),
(17, 'V.Mariana', 1),
(18, 'Santa Cruz', 1),
(19, 'P.Árvore', 1),
(20, 'Saúde', 1),
(21, 'São Judas', 1),
(22, 'Conceição', 1),
(23, 'Jabaquara', 1),
(24, 'Vila Madalena', 2),
(25, 'Sumaré', 2),
(26, 'Clínicas', 2),
(27, 'Consolação', 2),
(28, 'Trianon - Masp', 2),
(29, 'Brigadeiro', 2),
(30, 'Paraíso', 2),
(31, 'Ana Rosa', 2),
(32, 'Chácara Klabin', 2),
(33, 'Imigrantes', 2),
(34, 'Alto do Ipiranga', 2),
(35, 'Sacomã', 2),
(36, 'Tamanduateí', 2),
(37, 'Vila Prudente', 2),
(38, 'Palmeiras - Barra Funda', 3),
(39, 'Marechal Deodoro', 3),
(40, 'Santa Cecília', 3),
(41, 'República', 3),
(42, 'Anhangabaú', 3),
(43, 'Sé', 3),
(44, 'Pedro II', 3),
(45, 'Brás', 3),
(46, 'Bresser - Mooca', 3),
(47, 'Belém', 3),
(48, 'Tatuapé', 3),
(49, 'Carrão', 3),
(50, 'Penha', 3),
(51, 'Vila Matilde', 3),
(52, 'Guilhermina - Esperanca', 3),
(53, 'Patriarca - Vila Ré', 3),
(54, 'Artur Alvin', 3),
(55, 'Corinthians - Itaquera', 3),
(56, 'Luz', 4),
(57, 'República', 4),
(58, 'Higienópolis - Mackenzie', 4),
(59, 'Paulista', 4),
(60, 'Oscar Freire', 4),
(61, 'Fradique Coutinho', 4),
(62, 'Faria Lima', 4),
(63, 'Pinheiros', 4),
(64, 'Butatã', 4),
(65, 'São Paulo - Morumbi', 4),
(66, 'Vila Sônia', 4),
(67, 'Chácara Klabin', 5),
(68, 'Santa Cruz', 5),
(69, 'Hospital São Paulo', 5),
(70, 'AACD - Servidor', 5),
(71, 'Moema', 5),
(72, 'Eucaliptos', 5),
(73, 'Campo Belo', 5),
(74, 'Brooklin', 5),
(75, 'Borba Gato', 5),
(76, 'Alto da Boa Vista', 5),
(77, 'Adolfo Pinheiro', 5),
(78, 'Largo Treze', 5),
(79, 'Santo Amaro', 5),
(80, 'Giovanni Gronchi', 5),
(81, 'Vila das Belezas', 5),
(82, 'Campo Limpo', 5),
(83, 'Capão Redondo', 5),
(84, 'Jundiaí', 7),
(85, 'Várzea Paulista', 7),
(86, 'Campo Limpo Paulista', 7),
(87, 'Boturuju', 7),
(88, 'Francisco Morato', 7),
(89, 'Baltazar Fidélis', 7),
(90, 'Franco da Rocha', 7),
(91, 'Caieiras', 7),
(92, 'Perus', 7),
(93, 'Vila Aurora', 7),
(94, 'Jaraguá', 7),
(95, 'Vila Clarice', 7),
(96, 'Pirituba', 7),
(97, 'Piqueri', 7),
(98, 'Lapa', 7),
(99, 'Água Branca', 7),
(100, 'Palmeiras - Barra Funda', 7),
(101, 'Luz', 7),
(102, 'Amador Bueno', 8),
(103, 'Ambuitá', 8),
(104, 'Santa Rita', 8),
(105, 'Itapevi', 8),
(106, 'Engenheiro Cardoso', 8),
(107, 'Sagrado Coração', 8),
(108, 'Jandira', 8),
(109, 'Jardim Silveira', 8),
(110, 'Jardim Belval', 8),
(111, 'Barueri', 8),
(112, 'Antônio João', 8),
(113, 'Santa Terezinha', 8),
(114, 'Carapicuíba', 8),
(115, 'General Miguel Costa', 8),
(116, 'Quitaúna', 8),
(117, 'Comandante Sampaio', 8),
(118, 'Osasco', 8),
(119, 'Presidente Altino', 8),
(120, 'Imperatriz Leopoldina', 8),
(121, 'Domingos de Moraes', 8),
(122, 'Lapa', 8),
(123, 'Palmeiras - Barra Funda', 8),
(124, 'Júlio Prestes', 8),
(125, 'Osasco', 9),
(126, 'Presidente Altino', 9),
(127, 'Ceasa', 9),
(128, 'Vila Lobos - Jaguaré', 9),
(129, 'Cidade Universitária', 9),
(130, 'Pinheiros', 9),
(131, 'Hebraica - Rebouças', 9),
(132, 'Cidade Jardim', 9),
(133, 'Vila Olímpia', 9),
(134, 'Berrini', 9),
(135, 'Morumbi', 9),
(136, 'Granja Julieta', 9),
(137, 'João Dias', 9),
(138, 'Santo Amaro', 9),
(139, 'Socorro', 9),
(140, 'Jurubatuba', 9),
(141, 'Autódromo', 9),
(142, 'Primavera -  Interlagos', 9),
(143, 'Grajaú', 9),
(144, 'Bruno Covas Mendes - Vila Natal', 9),
(145, 'Luz', 10),
(146, 'Brás', 10),
(147, 'Juventus - Mooca', 10),
(148, 'Ipiranga', 10),
(149, 'Tamanduateí', 10),
(150, 'São Caetano do Sul', 10),
(151, 'Utinga', 10),
(152, 'Prefeito Saladino', 10),
(153, 'Santo André', 10),
(154, 'Capuava', 10),
(155, 'Mauá', 10),
(156, 'Guapituba', 10),
(157, 'Ribeirão Pires', 10),
(158, 'Rio Grande da Serra', 10),
(159, 'Luz', 11),
(160, 'Brás', 11),
(161, 'Tatuapé', 11),
(162, 'Corinthians - Itaquera', 11),
(163, 'Dom Bosco', 11),
(164, 'José Bonifácio', 11),
(165, 'Guaianases', 11),
(166, 'Antônio Gianetti Neto', 11),
(167, 'Ferraz de Vasconcelos', 11),
(168, 'Poá', 11),
(169, 'Calmon Viana', 11),
(170, 'Suzano', 11),
(171, 'Jundiapeba', 11),
(172, 'Braz Cubas', 11),
(173, 'Mogi das Cruzes', 11),
(174, 'Estudantes', 11),
(175, 'Brás', 12),
(176, 'Tatuapé', 12),
(177, 'Engenheiro Goulart', 12),
(178, 'USP Leste', 12),
(179, 'Comendador Ermelino', 12),
(180, 'São Miguel Paulista', 12),
(181, 'Jardim Helena - Vila Mara', 12),
(182, 'Itaim Paulista', 12),
(183, 'Jardim Romano', 12),
(184, 'Engenheiro Manoel Feio', 12),
(185, 'Itaquaquecetuba', 12),
(186, 'Aracaré', 12),
(187, 'Calmon Viana', 12),
(188, 'Engenheiro Goulart', 13),
(189, 'Guarulhos - Cecap', 13),
(190, 'Aeroporto Guarulhos', 13),
(191, 'Vila Prudente', 15),
(192, 'Oratório', 15),
(193, 'São Lucas', 15),
(194, 'Camilo Haddad', 15),
(195, 'Vila Tolstói', 15),
(196, 'Vila União', 15),
(197, 'Jardim Planalto', 15),
(198, 'Sapopemba', 15),
(199, 'Fazenda da Juta', 15),
(200, 'São Mateus', 15),
(201, 'Jardim Colonial', 15);

INSERT INTO Coordenadas (ID, EstacaoID, Latitude, Longitude) VALUES
(1, 1, -23.48050988930711, -46.60358412374047),
(2, 2, -23.48675571943774, -46.6082304893371),
(3, 3, -23.492226632481927, -46.61725344062605),
(4, 4, -23.502546409937487, -46.624954166387866),
(5, 5, -23.509145327690696, -46.62515787757318),
(6, 6, -23.516108212839164, -46.625378975352966),
(7, 7, -23.525419346165453, -46.62921721646348),
(8, 8, -23.530826907039234, -46.63257669695993),
(9, 9, -23.53646074717324, -46.63437914140919),
(10, 10, -23.54437378254329, -46.63422089106249),
(11, 11, -23.550091623525965, -46.63338380460907),
(12, 12, -23.555285868832957, -46.63536039173831),
(13, 13, -23.561850358679433, -46.63883167487594),
(14, 14, -23.56885676814403, -46.640060002850795),
(15, 15, -23.57513359280009, -46.640177698149856),
(16, 16, -23.58153729059413, -46.63878058023435),
(17, 17, -23.58948663653343, -46.63459597482994),
(18, 18, -23.598751973278134, -46.63643613722665),
(19, 19, -23.61050015703845, -46.63765050113985),
(20, 20, -23.618525646590143, -46.63955838072042),
(21, 21, -23.62561969061418, -46.64097175975177),
(22, 22, -23.63519185672568, -46.641212604187636),
(23, 23, -23.646179603483688, -46.64094573178903),
(24, 24, -23.54639114608615, -46.690390581411),
(25, 25, -23.550767879671863, -46.67879270960727),
(26, 26, -23.554249491737828, -46.67137908382417),
(27, 27, -23.557746579555346, -46.66078082657881),
(28, 28, -23.56366691777951, -46.65413967707385),
(29, 29, -23.568829785640883, -46.64759508707823),
(30, 30, -23.57513359280009, -46.640177698149856),
(31, 31, -23.58153729059413, -46.63878058023435),
(32, 32, -23.59277082748329, -46.63080816547498),
(33, 33, -23.595966203978932, -46.62123267931646),
(34, 34, -23.602017542124166, -46.61285345835527),
(35, 35, -23.60158966046734, -46.60354330317399),
(36, 36, -23.593055117773158, -46.59005092388667),
(37, 37, -23.584387900522398, -46.58218668709494),
(38, 38, -23.525336756271077, -46.66679305280322),
(39, 39, -23.533934095915537, -46.656139318538614),
(40, 40, -23.538921867601736, -46.64952570636452),
(41, 41, -23.544233242873116, -46.643249337279514),
(42, 42, -23.54785842429513, -46.639668220210076),
(43, 43, -23.550091623525965, -46.63338380460907),
(44, 44, -23.549660216975738, -46.626203209630376),
(45, 45, -23.547811172178086, -46.6162683073526),
(46, 46, -23.546385029408015, -46.60783544234656),
(47, 47, -23.542736000665172, -46.589918285987046),
(48, 48, -23.540129489566677, -46.57576695131239),
(49, 49, -23.537785636654053, -46.564492498825665),
(50, 50, -23.533450897583716, -46.543065297242066),
(51, 51, -23.531906559906147, -46.53125284879836),
(52, 52, -23.52924081343037, -46.517165887013135),
(53, 53, -23.531109792629536, -46.50172709198757),
(54, 54, -23.540517692184224, -46.48385259303344),
(55, 55, -23.54186422199127, -46.47098746306944),
(56, 56, -23.53646074717324, -46.63437914140919),
(57, 57, -23.544233242873116, -46.643249337279514),
(58, 58, -23.548778807448727, -46.65150354329675),
(59, 59, -23.555082822783966, -46.661025599716076),
(60, 60, -23.56082626120562, -46.67241962369433),
(61, 61, -23.56615302304733, -46.68454323362629),
(62, 62, -23.567426525211495, -46.6935125405737),
(63, 63, -23.567324287071088, -46.70114190027255),
(64, 64, -23.57179764136944, -46.70832369879947),
(65, 65, -23.58607822890159, -46.72358723622165),
(66, 66, -23.59162813588455, -46.735032165561684),
(67, 67, -23.59277082748329, -46.63080816547498),
(68, 68, -23.598751973278134, -46.63643613722665),
(69, 69, -23.598256799871354, -46.64541254899343),
(70, 70, -23.59730369157829, -46.65249634114691),
(71, 71, -23.603717801222064, -46.66190910752069),
(72, 72, -23.60962641886315, -46.668555423643376),
(73, 73, -23.618494883962036, -46.682350848576654),
(74, 74, -23.626286140882634, -46.688077275807856),
(75, 75, -23.633408452698497, -46.692655187138456),
(76, 76, -23.641437920248055, -46.69923731238602),
(77, 77, -23.649994748842065, -46.704529998330706),
(78, 78, -23.654538459964602, -46.71097574871301),
(79, 79, -23.655756390081304, -46.72183910979319),
(80, 80, -23.64390998512239, -46.7338976563201),
(81, 81, -23.64023225295649, -46.74588414900619),
(82, 82, -23.649200905763333, -46.759155647478345),
(83, 83, -23.659343289625777, -46.76831927057407),
(84, 84, -23.19498466193602, -46.87165101453422),
(85, 85, -23.208997292795154, -46.82999094411089),
(86, 86, -23.206301086386382, -46.78478419156602),
(87, 87, -23.236167880789676, -46.76682752859362),
(88, 88, -23.282574666781624, -46.74312243418856),
(89, 89, -23.31002638560936, -46.72441884816844),
(90, 90, -23.32968898332144, -46.727302616983216),
(91, 91, -23.36620065566894, -46.75188779625101),
(92, 92, -23.405052602520474, -46.75432227217442),
(93, 93, -23.437622120503985, -46.747820405575446),
(94, 94, -23.455146857188502, -46.73896491331387),
(95, 95, -23.47007139854503, -46.74479393538254),
(96, 96, -23.48792295804329, -46.72659757941719),
(97, 97, -23.504004644269063, -46.715170474331224),
(98, 98, -23.517529520005006, -46.7033753915531),
(99, 99, -23.521318190647417, -46.68885288037982),
(100, 100, -23.525336756271077, -46.66679305280322),
(101, 101, -23.53646074717324, -46.63437914140919),
(102, 102, -23.530377291427815, -46.983213060498905),
(103, 103, -23.531124879852964, -46.97152935809553),
(104, 104, -23.545060620732617, -46.94806382009042),
(105, 105, -23.545536151902684, -46.93575263482921),
(106, 106, -23.535226530615095, -46.92909956860489),
(107, 107, -23.527883727643268, -46.903318521375894),
(108, 108, -23.529024803580953, -46.91514169857359),
(109, 109, -23.52347672086803, -46.893995162836525),
(110, 110, -23.514327971133454, -46.88969391415997),
(111, 111, -23.51281292314348, -46.87623995369821),
(112, 112, -23.517151029341083, -46.858636001364744),
(113, 113, -23.51655092794194, -46.84928045632523),
(114, 114, -23.518686533862283, -46.836119184385886),
(115, 115, -23.52350686540222, -46.81585241307646),
(116, 116, -23.522916630225133, -46.807687768695146),
(117, 117, -23.525720223826994, -46.79622937195482),
(118, 118, -23.527746643750646, -46.77629519437938),
(119, 119, -23.531255836243457, -46.76060881339325),
(120, 120, -23.523789605639244, -46.73847522448288),
(121, 121, -23.51913652303273, -46.72216739374005),
(122, 122, -23.52024481607855, -46.69885855436026),
(123, 123, -23.525336756271077, -46.66679305280322),
(124, 124, -23.53411898084767, -46.63923222643926),
(125, 125, -23.527746643750646, -46.77629519437938),
(126, 126, -23.531255836243457, -46.76060881339325),
(127, 127, -23.537197054759098, -46.74219637959045),
(128, 128, -23.546032639399712, -46.73322333689161),
(129, 129, -23.55704636671551, -46.71195246466362),
(130, 130, -23.567244335968073, -46.701767190238805),
(131, 131, -23.57309782734398, -46.69869845725384),
(132, 132, -23.585323640547184, -46.69152520964426),
(133, 133, -23.593617478499848, -46.69224063188516),
(134, 134, -23.60494050427711, -46.696573651585815),
(135, 135, -23.62198692077279, -46.701450280107494),
(136, 136, -23.62753698344767, -46.712335948439325),
(137, 137, -23.640434477799534, -46.72326788237972),
(138, 138, -23.655756390081304, -46.72183910979319),
(139, 139, -23.66351673533174, -46.71119061554734),
(140, 140, -23.677299800005365, -46.70257986217278),
(141, 141, -23.706269981704796, -46.68885745383132),
(142, 142, -23.722531161848273, -46.69211400252337),
(143, 143, -23.736497379254256, -46.697440963192214),
(144, 144, -23.75470632444292, -46.70960695332455),
(145, 145, -23.53646074717324, -46.63437914140919),
(146, 146, -23.547811172178086, -46.6162683073526),
(147, 147, -23.557935916538305, -46.608100581410646),
(148, 148, -23.58234000337683, -46.59633447633397),
(149, 149, -23.593055117773158, -46.59005092388667),
(150, 150, -23.61020483996154, -46.57096140451717),
(151, 151, -23.626191992346605, -46.54489520298118),
(152, 152, -23.638280210399213, -46.53550985194081),
(153, 153, -23.652279461056267, -46.52864117983053),
(154, 154, -23.65822316107008, -46.490450361488946),
(155, 155, -23.668369666985054, -46.46102794764452),
(156, 156, -23.692241752518026, -46.44809166574688),
(157, 157, -23.7137339336199, -46.41400951671868),
(158, 158, -23.743286477860316, -46.39212853872179),
(159, 159, -23.53646074717324, -46.63437914140919),
(160, 160, -23.547811172178086, -46.6162683073526),
(161, 161, -23.540129489566677, -46.57576695131239),
(162, 162, -23.54186422199127, -46.47098746306944),
(163, 163, -23.541841462592174, -46.448388868271536),
(164, 164, -23.53910888083131, -46.432238922298744),
(165, 165, -23.542340891797945, -46.41589592316981),
(166, 166, -23.554334242883208, -46.384367568788385),
(167, 167, -23.54076134461947, -46.369014604436856),
(168, 168, -23.525416381403584, -46.34388767030857),
(169, 169, -23.525391782253166, -46.33234549006876),
(170, 170, -23.534110828305142, -46.3083057487401),
(171, 171, -23.54277588422596, -46.25860668974108),
(172, 172, -23.536310807156717, -46.22575003257292),
(173, 173, -23.52123093496394, -46.19728643062706),
(174, 174, -23.515367713254935, -46.184476200330664),
(175, 175, -23.547811172178086, -46.6162683073526),
(176, 176, -23.540129489566677, -46.57576695131239),
(177, 177, -23.49806158798596, -46.519972101304184),
(178, 178, -23.4853653095572, -46.5008176748324),
(179, 179, -23.48509981440798, -46.48277089421821),
(180, 180, -23.490542019538218, -46.444122231971846),
(181, 181, -23.49269947065075, -46.42172463339074),
(182, 182, -23.49390958000701, -46.40258993504124),
(183, 183, -23.484673228230047, -46.38579413672924),
(184, 184, -23.479289917544065, -46.36768355565221),
(185, 185, -23.485373187211472, -46.348870409855756),
(186, 186, -23.499810443192384, -46.339423103920325),
(187, 187, -23.525391782253166, -46.33234549006876),
(188, 188, -23.49806158798596, -46.519972101304184),
(189, 189, -23.447392072930878, -46.49435265160978),
(190, 190, -23.433093943011013, -46.4946317330078),
(191, 191, -23.584387900522398, -46.58218668709494),
(192, 192, -23.582084132553973, -46.56216545106566),
(193, 193, -23.588915758377265, -46.54518227542752),
(194, 194, -23.595548571025986, -46.538408889850835),
(195, 195, -23.600868503839497, -46.527780423687354),
(196, 196, -23.60289427541899, -46.51615341513985),
(197, 197, -23.606413829442374, -46.50823553407407),
(198, 198, -23.614589003223223, -46.50145244674154),
(199, 199, -23.611777475417544, -46.48807358811244),
(200, 200, -23.612264349954284, -46.478067737224315),
(201, 201, -23.599183134323468, -46.4697099976745);